plot.code.2024,plot.code.2025,row,type,date,marketability,treatment,number,shoot.mass,root.mass ,smallest.diameter,largest.diameter,herbivory,splitting,pitting,chambering,russeting,foliage.herbivory,too.small,notes,dhoot.dry.biomass,root.dry.biomass
C2,C1,East,Weedy Check,10/29/24,Marketable,Control,4,48.3,153.7,1.2,1.7,3,,,,1,,,,5.1,9.4
C2,C1,East,Weedy Check,10/29/24,Unmarketable,Control,1,27.5,58.6,1.5,1.5,,1,,,1,,,,2.9,4.1
C2,C1,Center,Weedy Check,10/29/24,Marketable,Control,3,26.2,66.2,1.2,1.3,2,,,,,,,,2.6,4.8
C2,C1,Center,Weedy Check,10/29/24, Unmarketable,Control,1,8.6,20.3,1.2,1.2,1,,,,,,,,0.9,1.6
C2,C1,West,Weedy Check,10/29/24,Marketable,Control,3,29.2,77.5,0.9,1.5,,,,1,,,,Cavitying in the largest one,2.5,5
C2,C1,West,Weedy Check,10/29/24, Unmarketable,Control,0,,,,,,,,,,,,,,
C2,C1,East,New Emergence,10/29/24,Marketable,Control,5,37.8,152.1,1.2,1.8,2,,,,1,,,,3.7,11.4
C2,C1,East,New Emergence,10/29/24, Unmarketable,Control,,,,,,,,,,,,,,,
C2,C1,Center,New Emergence,10/29/24,Marketable,Control,6,40.4,92.6,0.8,1.4,,,,,2,,,1 very dark radish,4.3,8
C2,C1,Center,New Emergence,10/29/24, Unmarketable,Control,,,,,,,,,,,,,,,
C2,C1,West,New Emergence,10/29/24,Marketable,Control,6,61.3,182.5,1.1,1.7,2,,,1,3,,,,5.2,12.3
C2,C1,West,New Emergence,10/29/24, Unmarketable,Control,,,,,,,,,,,,,,,
C2,C1,East,Standard,10/29/24,Marketable,Control,2,19.7,60.3,,,1,1,,,1,,,,1.9,4.4
C2,C1,East,Standard,10/29/24, Unmarketable,Control,1,10.2,21.3,,,,1,,,1,1,,,0.8,1.7
C2,C1,Center,Standard,10/29/24,Marketable,Control,2,9.7,28.6,1.1,1.1,,,,,2,,,,1.2,2.5
C2,C1,Center,Standard,10/29/24, Unmarketable,Control,,,,,,,,,,,,,,,
C2,C1,West,Standard,10/29/24,Marketable,Control,3,33.7,94.4,0.9,1.3,,,,,2,,,,3.2,7.1
C2,C1,West,Standard,10/29/24, Unmarketable,Control,2,24,64.4,1.1,1.6,,1,,,2,,,Almost split in half (see photo),2.1,4.9
C2,C1,East,Weedy Check,11/5/24,Marketable,Control,1,5.5,15.1,1,1,,,,,,,,,0.567,1.209
C2,C1,East,Weedy Check,11/5/24,Unmarketable,Control,,,,,,,,,,,,,,,
C2,C1,Center,Weedy Check,11/5/24,Marketable,Control,1,4.3,14.5,1.1,1.1,,,,,1,,,,0.535,1.096
C2,C1,Center,Weedy Check,11/5/24, Unmarketable,Control,,,,,,,,,,,,,,,
C2,C1,West,Weedy Check,11/5/24,Marketable,Control,0,,,,,0,0,0,0,0,0,,,,
C2,C1,West,Weedy Check,11/5/24, Unmarketable,Control,0,,,,,0,0,0,0,0,0,,,,
C2,C1,East,New Emergence,11/5/24,Marketable,Control,1,5,13.6,1.1,1.1,,,,,1,,,,0.538,1.191
C2,C1,East,New Emergence,11/5/24, Unmarketable,Control,,,,,,,,,,,,,,,
C2,C1,Center,New Emergence,11/5/24,Marketable,Control,1,2.9,7.6,0.9,0.9,1,0,0,0,0,1,,,0.316,0.718
C2,C1,Center,New Emergence,11/5/24, Unmarketable,Control,,,,,,,,,,,,,,,
C2,C1,West,New Emergence,11/5/24,Marketable,Control,1,7.6,14.9,1.1,1.1,0,0,0,0,0,1,,,0.668,1.165
C2,C1,West,New Emergence,11/5/24, Unmarketable,Control,,,,,,,,,,,,,,,
C2,C1,East,Standard,11/5/24,Marketable,Control,1,5.8,15.9,1.1,1.1,0,0,0,0,1,1,,,0.609,1.379
C2,C1,East,Standard,11/5/24, Unmarketable,Control,,,,,,,,,,,,,,,
C2,C1,Center,Standard,11/5/24,Marketable,Control,3,14.9,29.8,0.8,0.9,0,0,0,0,2,0,,,1.605,2.992
C2,C1,Center,Standard,11/5/24, Unmarketable,Control,1,6.1,14,0.8,0.8,0,1,0,0,1,0,,,0.717,1.491
C2,C1,West,Standard,11/5/24,Marketable,Control,0,,,,,0,0,0,0,0,0,,,,
C2,C1,West,Standard,11/5/24, Unmarketable,Control,0,,,,,0,0,0,0,0,0,,,,
C2,C1,East,Weedy Check,11/12/24,Marketable,Control,0,,,,,,,,,,,,,,
C2,C1,East,Weedy Check,11/12/24,Unmarketable,Control,0,,,,,,,,,,,,,,
C2,C1,Center,Weedy Check,11/12/24,Marketable,Control,1,1.7,3.6,0.7,0.7,0,1,0,,1,0,,,0.224,0.378
C2,C1,Center,Weedy Check,11/12/24, Unmarketable,Control,0,,,,,,,,,,,,,,
C2,C1,West,Weedy Check,11/12/24,Marketable,Control,1,1.4,4.4,0.8,0.8,0,0,0,0,0,1,,,0.176,0.296
C2,C1,West,Weedy Check,11/12/24, Unmarketable,Control,0,,,,,,,,,,,,,,
C2,C1,East,New Emergence,11/12/24,Marketable,Control,0,,,,,,,,,,,,,,
C2,C1,East,New Emergence,11/12/24, Unmarketable,Control,0,,,,,,,,,,,,,,
C2,C1,Center,New Emergence,11/12/24,Marketable,Control,2,8.6,13.6,0.7,0.8,0,0,0,0,2,0,,,0.516,1.167
C2,C1,Center,New Emergence,11/12/24, Unmarketable,Control,0,,,,,,,,,,,,,,
C2,C1,West,New Emergence,11/12/24,Marketable,Control,0,,,,,,,,,,,,,,
C2,C1,West,New Emergence,11/12/24, Unmarketable,Control,0,,,,,,,,,,,,,,
C2,C1,East,Standard,11/12/24,Marketable,Control,1,4.1,13.7,1.2,1.2,0,0,0,0,1,0,,,0.982,1.372
C2,C1,East,Standard,11/12/24, Unmarketable,Control,0,,,,,,,,,,,,,,
C2,C1,Center,Standard,11/12/24,Marketable,Control,1,2,3.7,0.7,0.7,0,0,0,0,1,0,,,0.279,0.404
C2,C1,Center,Standard,11/12/24, Unmarketable,Control,0,,,,,,,,,,,,,,
C2,C1,West,Standard,11/12/24,Marketable,Control,0,,,,,,,,,,,,,,
C2,C1,West,Standard,11/12/24, Unmarketable,Control,0,,,,,,,,,,,,,,
C2,C1,East,Weedy Check,12/2/24,Marketable,Control,,,,,,,,,,,,,,,
C2,C1,East,Weedy Check,12/2/24,Unmarketable,Control,3,6.3,9.3,0.45,0.83,1,,,,3,,,,0.847,0.892
C2,C1,East,Weedy Check,12/2/24,Too small,Control,2,1.2,1.2,,,,,,,,,,,0.242,0.188
C2,C1,Center,Weedy Check,12/2/24,Marketable,Control,1,3.2,6.8,0.84,0.84,,,,,,,,,0.432,0.595
C2,C1,Center,Weedy Check,12/2/24, Unmarketable,Control,2,1.5,1.3,0.19,0.34,,,,,1,,,,0.187,0.14
C2,C1,Center,Weedy Check,12/2/24,Too small,Control,,,,,,,,,,,,,,,
C2,C1,West,Weedy Check,12/2/24,Marketable,Control,,,,,,,,,,,,,,,
C2,C1,West,Weedy Check,12/2/24, Unmarketable,Control,7,7.2,13.7,,,4,,,,5,,,,0.984,1.229
C2,C1,West,Weedy Check,12/2/24,Too small,Control,,,,,,,,,,,,,,,
C2,C1,East,New Emergence,12/2/24,Marketable,Control,,,,,,,,,,,,,,,
C2,C1,East,New Emergence,12/2/24, Unmarketable,Control,8,10.7,11.9,0.25,0.68,3,,,,5,,,,1.363,1.297
C2,C1,East,New Emergence,12/2/24,Too small,Control,1,0.8,0.2,,,,,,,,,,,0.124,0.034
C2,C1,Center,New Emergence,12/2/24,Marketable,Control,,,,,,,,,,,,,,,
C2,C1,Center,New Emergence,12/2/24, Unmarketable,Control,2,2.7,3.2,0.36,0.56,1,,,,2,,,,0.568,0.417
C2,C1,Center,New Emergence,12/2/24,Too small,Control,,,,,,,,,,,,,,,
C2,C1,West,New Emergence,12/2/24,Marketable,Control,,,,,,,,,,,,,,,
C2,C1,West,New Emergence,12/2/24, Unmarketable,Control,5,10.6,5.5,0.23,0.32,1,,,,5,,,,1.381,0.777
C2,C1,West,New Emergence,12/2/24,Too small,Control,1,0.3,0.3,,,,,,,,,,,0.071,0.039
C2,C1,East,Standard,12/2/24,Marketable,Control,0,,,,,,,,,,,,,,
C2,C1,East,Standard,12/2/24, Unmarketable,Control,4,5.5,6.7,0.37,0.55,2,,,,4,,,,0.767,0.722
C2,C1,East,Standard,12/2/24,Too small,Control,3,2.3,1.4,,,,,,,,,,,0.377,0.242
C2,C1,Center,Standard,12/2/24,Marketable,Control,,,,,,,,,,,,,,,
C2,C1,Center,Standard,12/2/24, Unmarketable,Control,,,,,,,,,,,,,,,
C2,C1,Center,Standard,12/2/24,Too small,Control,1,0.8,0.1,,,,,,,,,,some of root cut off,0.294,0.065
C2,C1,West,Standard,12/2/24,Marketable,Control,,,,,,,,,,,,,,,
C2,C1,West,Standard,12/2/24, Unmarketable,Control,3,3.7,2.4,0.25,0.33,,,,,3,,,,0.661,0.339
C2,C1,West,Standard,12/2/24,Too small,Control,3,2,",7",,,,,,,,,,,0.425,0.184
C3,C2,East,Weedy Check,10/29/24,Marketable,Control,3,42.6,107.5,1.2,1.7,2,1,1,,2,,,large one has a split but would probably be marketable if smaller,4.2,9.4
C3,C2,East,Weedy Check,10/29/24, Unmarketable,Control,,,,,,,,,,,,,,,
C3,C2,Center,Weedy Check,10/29/24,Marketable,Control,5,90.1,237.7,1.2,1.9,,2,,2,2,,,Cabbage looper foind on sample.  Splitting from bottom.  Cavitying in largest and smllest one,7.9,16.9
C3,C2,Center,Weedy Check,10/29/24, Unmarketable,Control,,,,,,,,,,,,,,,
C3,C2,West,Weedy Check,10/29/24,Marketable,Control,5,37.1,100.6,1.2,1.3,1,1,,,4,,,,3.6,7.9
C3,C2,West,Weedy Check,10/29/24, Unmarketable,Control,,,,,,,,,,,,,,,
C3,C2,East,New Emergence,10/29/24,Marketable,Control,1,9.2,30.8,1.2,1.2,,,,,1,,,,0.9,2.7
C3,C2,East,New Emergence,10/29/24, Unmarketable,Control,,,,,,,,,,,,,,,
C3,C2,Center,New Emergence,10/29/24,Marketable,Control,5,111.3,282.5,1.1,2.2,1,1,,1,4,,,largest one is split at bottom,9.6,19.7
C3,C2,Center,New Emergence,10/29/24, Unmarketable,Control,,,,,,,,,,,,,,,
C3,C2,West,New Emergence,10/29/24,Marketable,Control,3,26.7,74.8,1.2,1.4,,,,1,,,,,2.7,5.3
C3,C2,West,New Emergence,10/29/24, Unmarketable,Control,,,,,,,,,,,,,,,
C3,C2,East,Standard,10/29/24,Marketable,Control,2,28.8,124.7,1.4,2.1,,1,1,1,2,,,severe cavitying,2.5,8.1
C3,C2,East,Standard,10/29/24, Unmarketable,Control,,,,,,,,,,,,,,,
C3,C2,Center,Standard,10/29/24,Marketable,Control,2,33.5,89.6,1.4,1.8,,,,,1,,,,3.1,5.9
C3,C2,Center,Standard,10/29/24, Unmarketable,Control,2,45.7,110.3,1.9,2,1,2,,,2,,,,4,8.5
C3,C2,West,Standard,10/29/24,Marketable,Control,4,46.3,118.1,1,1.7,,,,,1,,,,4.3,9.4
C3,C2,West,Standard,10/29/24, Unmarketable,Control,1,14,24.9,1.1,1.1,,,,,1,,,,1.3,1.8
C3,C2,East,Weedy Check,11/5/24,Marketable,Control,0,,,,,,,,,,,,,,
C3,C2,East,Weedy Check,11/5/24, Unmarketable,Control,0,,,,,,,,,,,,,,
C3,C2,Center,Weedy Check,11/5/24,Marketable,Control,0,,,,,,,,,,,,,,
C3,C2,Center,Weedy Check,11/5/24, Unmarketable,Control,0,,,,,,,,,,,,,,
C3,C2,West,Weedy Check,11/5/24,Marketable,Control,2,10.6,29.4,1,1.2,0,0,0,0,2,0,,,1.151,2.391
C3,C2,West,Weedy Check,11/5/24, Unmarketable,Control,,,,,,,,,,,,,,,
C3,C2,East,New Emergence,11/5/24,Marketable,Control,1,2.3,7.3,0.8,0.8,0,0,0,0,1,0,,,0.274,0.737
C3,C2,East,New Emergence,11/5/24, Unmarketable,Control,0,,,,,,,,,,,,,,
C3,C2,Center,New Emergence,11/5/24,Marketable,Control,0,,,,,,,,,,,,,,
C3,C2,Center,New Emergence,11/5/24, Unmarketable,Control,0,,,,,,,,,,,,,,
C3,C2,West,New Emergence,11/5/24,Marketable,Control,1,6.6,18,1.1,1.1,0,0,0,0,1,0,,,0.919,1.559
C3,C2,West,New Emergence,11/5/24, Unmarketable,Control,,,,,,,,,,,,,,,
C3,C2,East,Standard,11/5/24,Marketable,Control,1,2.5,9.3,1.1,1.1,0,0,0,0,1,0,,,0.305,0.939
C3,C2,East,Standard,11/5/24, Unmarketable,Control,0,,,,,,,,,,,,,,
C3,C2,Center,Standard,11/5/24,Marketable,Control,0,,,,,,,,,,,,,,
C3,C2,Center,Standard,11/5/24, Unmarketable,Control,0,,,,,,,,,,,,,,
C3,C2,West,Standard,11/5/24,Marketable,Control,0,,,,,,,,,,,,,,
C3,C2,West,Standard,11/5/24, Unmarketable,Control,0,,,,,,,,,,,,,,
C3,C2,East,Weedy Check,11/12/24,Marketable,Control,0,,,,,,,,,,,,,,
C3,C2,East,Weedy Check,11/12/24, Unmarketable,Control,0,,,,,,,,,,,,,,
C3,C2,Center,Weedy Check,11/12/24,Marketable,Control,0,,,,,,,,,,,,,,
C3,C2,Center,Weedy Check,11/12/24, Unmarketable,Control,0,,,,,,,,,,,,,,
C3,C2,West,Weedy Check,11/12/24,Marketable,Control,0,,,,,,,,,,,,,,
C3,C2,West,Weedy Check,11/12/24, Unmarketable,Control,0,,,,,,,,,,,,,,
C3,C2,East,New Emergence,11/12/24,Marketable,Control,2,5.1,13.6,0.9,0.9,0,0,0,1,1,0,,c3 shoot bag mislabeled as c4 root,0.554,1.311
C3,C2,East,New Emergence,11/12/24, Unmarketable,Control,0,,,,,,,,,,,,,,
C3,C2,Center,New Emergence,11/12/24,Marketable,Control,1,5.2,14.3,1.1,1.1,0,0,0,0,1,0,,,0.577,1.039
C3,C2,Center,New Emergence,11/12/24, Unmarketable,Control,0,,,,,,,,,,,,,,
C3,C2,West,New Emergence,11/12/24,Marketable,Control,0,,,,,,,,,,,,,,
C3,C2,West,New Emergence,11/12/24, Unmarketable,Control,0,,,,,,,,,,,,,,
C3,C2,East,Standard,11/12/24,Marketable,Control,3,8.6,22.8,0.9,1,1,0,0,0,1,0,,,0.931,1.955
C3,C2,East,Standard,11/12/24, Unmarketable,Control,1,2.8,9.3,1,1,0,0,0,0,1,0,,,0.297,0.999
C3,C2,Center,Standard,11/12/24,Marketable,Control,1,3.7,8.3,1,1,1,0,0,0,0,0,,,0.394,0.639
C3,C2,Center,Standard,11/12/24, Unmarketable,Control,0,,,,,,,,,,,,,,
C3,C2,West,Standard,11/12/24,Marketable,Control,1,2.6,7,0.8,0.8,0,0,0,0,1,0,,,0.335,0.774
C3,C2,West,Standard,11/12/24, Unmarketable,Control,0,,,,,,,,,,,,,,
C3,C2,East,Weedy Check,12/2/24,Marketable,Control,,,,,,,,,,,,,,,
C3,C2,East,Weedy Check,12/2/24, Unmarketable,Control,9,12.8,17,0.23,0.75,2,,,,5,,,,1.551,1.817
C3,C2,East,Weedy Check,12/2/24,Too small,Control,4,3.7,1.4,,,,,,,,,,,0.518,0.206
C3,C2,Center,Weedy Check,12/2/24,Marketable,Control,,,,,,,,,,,,,,,
C3,C2,Center,Weedy Check,12/2/24, Unmarketable,Control,3,3.9,2.5,0.28,0.3,,,,,3,,,,0.677,0.385
C3,C2,Center,Weedy Check,12/2/24,Too small,Control,2,1.1,0.4,,,,,,,,,,,0.203,0.071
C3,C2,West,Weedy Check,12/2/24,Marketable,Control,,,,,,,,,,,,,,,
C3,C2,West,Weedy Check,12/2/24, Unmarketable,Control,3,3.5,5.5,0.23,0.52,1,,,,3,,,,0.615,0.571
C3,C2,West,Weedy Check,12/2/24,Too small,Control,3,2.8,1.1,,,,,,,,,,,0.447,0.165
C3,C2,East,New Emergence,12/2/24,Marketable,Control,2,6.2,18.2,0.87,1.1,1,,,,1,,,,0.801,1.755
C3,C2,East,New Emergence,12/2/24, Unmarketable,Control,2,2.8,12.5,0.83,0.91,1,,,,2,,,,0.421,0.981
C3,C2,East,New Emergence,12/2/24,Too small,Control,,,,,,,,,,,,,,,
C3,C2,Center,New Emergence,12/2/24,Marketable,Control,,,,,,,,,,,,,,,
C3,C2,Center,New Emergence,12/2/24, Unmarketable,Control,2,3.1,4.5,0.44,0.6,1,,,,2,,,,0.676,0.432
C3,C2,Center,New Emergence,12/2/24,Too small,Control,,,,,,,,,,,,,,,
C3,C2,West,New Emergence,12/2/24,Marketable,Control,,,,,,,,,,,,,,,
C3,C2,West,New Emergence,12/2/24, Unmarketable,Control,5,9.9,12,0.28,0.71,1,,,,5,,,,1.398,1.329
C3,C2,West,New Emergence,12/2/24,Too small,Control,,,,,,,,,,,,,,,
C3,C2,East,Standard,12/2/24,Marketable,Control,1,2.6,4.5,0.72,0.72,,,,,,,,,0.332,0.486
C3,C2,East,Standard,12/2/24, Unmarketable,Control,2,5.4,7.6,0.39,0.81,1,2,,,2,,,,0.687,0.778
C3,C2,East,Standard,12/2/24,Too small,Control,,,,,,,,,,,,,,,
C3,C2,Center,Standard,12/2/24,Marketable,Control,1,1.2,0.82,,,,,,,5.5,,,,0.253,0.509
C3,C2,Center,Standard,12/2/24, Unmarketable,Control,1,1,1.7,0.56,0.56,1,,,,,,,,0.147,0.169
C3,C2,Center,Standard,12/2/24,Too small,Control,1,0.4,0.1,,,,,,,,,,,0.065,0.026
C3,C2,West,Standard,12/2/24,Marketable,Control,,,,,,,,,,,,,,,
C3,C2,West,Standard,12/2/24, Unmarketable,Control,3,3.4,2.3,0.28,0.3,1,,,,3,,,,0.605,0.33
C3,C2,West,Standard,12/2/24,Too small,Control,4,3.6,1.4,,,,,,,,,,,0.651,0.278
C4,C3,East,Weedy Check,10/29/24,Marketable,Control,4,40.1,114.4,0.9,1.6,1,,,,2,,,,3.5,8.4
C4,C3,East,Weedy Check,10/29/24, Unmarketable,Control,1,11.5,40.7,1.4,1.4,,1,,,1,,,,1,3.6
C4,C3,Center,Weedy Check,10/29/24,Marketable,Control,5,72.8,162.9,1.3,1.9,,,,,2,,,,6.4,11.7
C4,C3,Center,Weedy Check,10/29/24, Unmarketable,Control,,,,,,,,,,,,,,,
C4,C3,West,Weedy Check,10/29/24,Marketable,Control,4,84.7,181.7,1.2,1.8,,2,,,3,,,,7.7,12.8
C4,C3,West,Weedy Check,10/29/24, Unmarketable,Control,,,,,,,,,,,,,,,
C4,C3,East,New Emergence,10/29/24,Marketable,Control,5,41.3,123.1,1,1.5,1,2,,,3,,,,3.7,9.3
C4,C3,East,New Emergence,10/29/24, Unmarketable,Control,1,10,30.9,1.5,1.5,,1,,,1,,,,0.9,2.3
C4,C3,Center,New Emergence,10/29/24,Marketable,Control,1,12.6,38.3,1.5,1.5,1,,,,1,,,,1.2,3
C4,C3,Center,New Emergence,10/29/24, Unmarketable,Control,2,24.1,101,1.7,1.8,2,,,,,,,Hole bored into radish (some sort of boring insect),2.1,6
C4,C3,West,New Emergence,10/29/24,Marketable,Control,,,,,,,,,,,,,,,
C4,C3,West,New Emergence,10/29/24, Unmarketable,Control,1,12.7,22.2,1.4,1.4,1,,,,1,,,,1.4,1.8
C4,C3,East,Standard,10/29/24,Marketable,Control,4,65.9,118.4,1.2,1.6,1,,,,4,,,,5.6,8.2
C4,C3,East,Standard,10/29/24, Unmarketable,Control,1,10.1,38.6,1.6,1.6,1,,,,,,,,0.8,2.5
C4,C3,Center,Standard,10/29/24,Marketable,Control,4,33.2,94.5,0.9,1.5,2,,,,2,,,,3.1,6.8
C4,C3,Center,Standard,10/29/24, Unmarketable,Control,1,26.2,70.7,2.2,2.2,1,,,,,,,,2.2,4.4
C4,C3,West,Standard,10/29/24,Marketable,Control,4,75.1,169.6,1,1.9,1,2,,,2,,,,6.4,10.9
C4,C3,West,Standard,10/29/24, Unmarketable,Control,,,,,,,,,,,,,,,
C4,C3,East,Weedy Check,11/5/24,Marketable,Control,0,,,,,,,,,,,,,,
C4,C3,East,Weedy Check,11/5/24, Unmarketable,Control,0,,,,,,,,,,,,,,
C4,C3,Center,Weedy Check,11/5/24,Marketable,Control,1,5,16.6,1.1,1.1,0,0,0,0,1,0,,,0.618,1.698
C4,C3,Center,Weedy Check,11/5/24, Unmarketable,Control,,,,,,0,0,0,0,1,0,,no unmark in bag,,
C4,C3,West,Weedy Check,11/5/24,Marketable,Control,1,8.1,8.5,1,1,0,0,0,0,1,0,,,0.901,0.921
C4,C3,West,Weedy Check,11/5/24, Unmarketable,Control,1,5.6,9,0.8,0.8,,,,,,,,,0.598,0.789
C4,C3,East,New Emergence,11/5/24,Marketable,Control,0,,,,,,,,,,,,,,
C4,C3,East,New Emergence,11/5/24, Unmarketable,Control,0,,,,,,,,,,,,,,
C4,C3,Center,New Emergence,11/5/24,Marketable,Control,3,11.2,26.6,1,1.1,0,0,0,0,0,0,,,1.218,2.242
C4,C3,Center,New Emergence,11/5/24, Unmarketable,Control,2,13.9,33.5,0.9,1.1,1,1,0,0,0,0,,,1.127,2.639
C4,C3,West,New Emergence,11/5/24,Marketable,Control,1,5.4,7,0.8,0.8,0,0,0,0,1,0,,,0.558,0.621
C4,C3,West,New Emergence,11/5/24, Unmarketable,Control,,,,,,,,,,,,,,,
C4,C3,East,Standard,11/5/24,Marketable,Control,,,,,,,,,,,,,,,
C4,C3,East,Standard,11/5/24, Unmarketable,Control,,,,,,,,,,,,,,,
C4,C3,Center,Standard,11/5/24,Marketable,Control,1,5.2,9,0.8,0.8,0,0,0,0,1,0,,,0.626,0.937
C4,C3,Center,Standard,11/5/24, Unmarketable,Control,0,,,,,,,,,,,,,,
C4,C3,West,Standard,11/5/24,Marketable,Control,,,,,,,,,,,,,,,
C4,C3,West,Standard,11/5/24, Unmarketable,Control,,,,,,,,,,,,,,,
C4,C3,East,Weedy Check,11/12/24,Marketable,Control,1,4,5.4,0.8,0.8,0,0,0,0,1,0,,,0.533,0.707
C4,C3,East,Weedy Check,11/12/24, Unmarketable,Control,0,,,,,,,,,,,,,,
C4,C3,Center,Weedy Check,11/12/24,Marketable,Control,1,2.5,4.8,0.7,0.7,0,0,0,0,1,0,,,0.362,0.554
C4,C3,Center,Weedy Check,11/12/24, Unmarketable,Control,0,,,,,,,,,,,,,,
C4,C3,West,Weedy Check,11/12/24,Marketable,Control,0,,,,,,,,,,,,,,
C4,C3,West,Weedy Check,11/12/24, Unmarketable,Control,0,,,,,,,,,,,,,,
C4,C3,East,New Emergence,11/12/24,Marketable,Control,0,,,,,,,,,,,,,,
C4,C3,East,New Emergence,11/12/24, Unmarketable,Control,0,,,,,,,,,,,,,,
C4,C3,Center,New Emergence,11/12/24,Marketable,Control,1,6.9,20.4,1.3,1.3,1,0,0,0,1,0,,,0.701,1.621
C4,C3,Center,New Emergence,11/12/24, Unmarketable,Control,0,,,,,,,,,,,,,,
C4,C3,West,New Emergence,11/12/24,Marketable,Control,7,30.6,58.5,0.8,1.1,0,0,0,0,6,0,,,2.805,2.876
C4,C3,West,New Emergence,11/12/24, Unmarketable,Control,2,10.4,22,0.9,1,0,0,0,0,2,0,,,1.016,1.876
C4,C3,East,Standard,11/12/24,Marketable,Control,2,11.8,20.7,0.9,1.2,1,0,0,0,1,0,,,1.182,1.651
C4,C3,East,Standard,11/12/24, Unmarketable,Control,1,8.1,10.3,1,1,0,0,0,0,1,0,,,0.849,0.822
C4,C3,Center,Standard,11/12/24,Marketable,Control,0,,,,,,,,,,,,,,
C4,C3,Center,Standard,11/12/24, Unmarketable,Control,0,,,,,,,,,,,,,,
C4,C3,West,Standard,11/12/24,Marketable,Control,1,5.3,5.7,0.6,0.6,0,0,0,0,0,0,,,0.589,0.543
C4,C3,West,Standard,11/12/24, Unmarketable,Control,0,,,,,,,,,,,,,,
C4,C3,East,Weedy Check,12/2/24,Marketable,Control,,,,,,,,,,,,,,,
C4,C3,East,Weedy Check,12/2/24, Unmarketable,Control,5,7.7,14.5,0.32,0.75,1,1,,,3,,,,1.174,1.365
C4,C3,East,Weedy Check,12/2/24,Too small,Control,3,2.4,0.7,,,,,,,,,,,0.427,0.117
C4,C3,Center,Weedy Check,12/2/24,Marketable,Control,1,1.8,6.3,0.89,0.89,,,,,1,,,,0.247,0.568
C4,C3,Center,Weedy Check,12/2/24, Unmarketable,Control,7,23.5,21.8,0.29,0.85,,,,,,,,,3.247,2.388
C4,C3,Center,Weedy Check,12/2/24,Too small,Control,,,,,,,,,,,,,,,
C4,C3,West,Weedy Check,12/2/24,Marketable,Control,2,2.9,7,0.49,0.77,,1,,,2,,,,,
C4,C3,West,Weedy Check,12/2/24, Unmarketable,Control,1,0.8,0.3,,,,,,,,,,,0.596,0.719
C4,C3,West,Weedy Check,12/2/24,Too small,Control,,,,,,,,,,,,,,0.184,0.067
C4,C3,East,New Emergence,12/2/24,Marketable,Control,,,,,,,,,,,,,,,
C4,C3,East,New Emergence,12/2/24, Unmarketable,Control,4,3,3.5,0.28,0.42,1,2,,,4,,,,0.519,0.425
C4,C3,East,New Emergence,12/2/24,Too small,Control,1,0.4,0.2,,,,,,,,,,,0.083,0.025
C4,C3,Center,New Emergence,12/2/24,Marketable,Control,,,,,,,,,,,,,,,
C4,C3,Center,New Emergence,12/2/24, Unmarketable,Control,2,2.5,9.8,0.55,0.77,1,1,,,2,,,,0.504,0.852
C4,C3,Center,New Emergence,12/2/24,Too small,Control,,,,,,,,,,,,,,,
C4,C3,West,New Emergence,12/2/24,Marketable,Control,,,,,,,,,,,,,,,
C4,C3,West,New Emergence,12/2/24, Unmarketable,Control,3,4.8,7,0.38,0.72,1,,,,3,,,,0.801,0.833
C4,C3,West,New Emergence,12/2/24,Too small,Control,,,,,,,,,,,,,,,
C4,C3,East,Standard,12/2/24,Marketable,Control,,,,,,,,,,,,,,,
C4,C3,East,Standard,12/2/24, Unmarketable,Control,6,16,13.6,0.36,0.9,1,1,,,5,,,,1.945,1.822
C4,C3,East,Standard,12/2/24,Too small,Control,1,2.7,0.4,,,,,,,,,,,0.295,0.047
C4,C3,Center,Standard,12/2/24,Marketable,Control,1,2.6,5.2,0.85,0.85,,,,,1,,,,0.387,0.447
C4,C3,Center,Standard,12/2/24, Unmarketable,Control,5,14.8,14.3,0.35,0.73,1,2,,,5,,,,2.024,1.671
C4,C3,Center,Standard,12/2/24,Too small,Control,1,0.7,0.1,,,,,,,,,,,,
C4,C3,West,Standard,12/2/24,Marketable,Control,2,6.8,11.9,0.72,0.85,,,,,2,,,,0.904,1.045
C4,C3,West,Standard,12/2/24, Unmarketable,Control,1,1.9,3,0.75,0.75,,,,,1,,,,0.228,0.242
C4,C3,West,Standard,12/2/24,Too small,Control,,,,,,,,,,,,,,0.073,0.014
P8,P5,East,Weedy Check,10/29/24,Marketable,PV,,,,,,,,,,,,,,,
P8,P5,East,Weedy Check,10/29/24, Unmarketable,PV,1,9.9,15.4,1.1,1.1,1,,,,1,,,,1,1.2
P8,P5,Center,Weedy Check,10/29/24,Marketable,PV,0,,,,,,,,,,,,,,
P8,P5,Center,Weedy Check,10/29/24, Unmarketable,PV,0,,,,,,,,,,,,,,
P8,P5,West,Weedy Check,10/29/24,Marketable,PV,,,,,,,,,,,,,,,
P8,P5,West,Weedy Check,10/29/24, Unmarketable,PV,2,17,18.1,0.8,0.9,1,,,,2,,,,1.6,1.5
P8,P5,East,New Emergence,10/29/24,Marketable,PV,,,,,,,,,,,,,,,
P8,P5,East,New Emergence,10/29/24, Unmarketable,PV,1,5.9,10.5,1.1,1.1,1,,,,,,,,0.6,1
P8,P5,Center,New Emergence,10/29/24,Marketable,PV,1,4.7,6.8,0.9,0.9,,,,,,,,,0.4,0.6
P8,P5,Center,New Emergence,10/29/24, Unmarketable,PV,1,8.6,18,1.3,1.3,1,,1,,1,,,,0.8,1.3
P8,P5,West,New Emergence,10/29/24,Marketable,PV,,,,,,,,,,,,,,,
P8,P5,West,New Emergence,10/29/24, Unmarketable,PV,2,14.2,19.6,1,1,2,,1,,1,,,,1.4,1.6
P8,P5,East,Standard,10/29/24,Marketable,PV,,,,,,,,,,,,,,,
P8,P5,East,Standard,10/29/24,Unmarketable,PV,1,13.9,13.2,0.8,0.8,1,,,,1,,,,1.3,1.1
P8,P5,Center,Standard,10/29/24,Marketable,PV,,,,,,,,,,,,,,,
P8,P5,Center,Standard,10/29/24,Unmarketable,PV,3,43.1,54.3,1,1.5,3,1,,,1,,,,3.7,3.8
P8,P5,West,Standard,10/29/24,Marketable,PV,,,,,,,,,,,,,,,
P8,P5,West,Standard,10/29/24,Unmarketable,PV,2,26.6,41.5,1.2,1.4,2,,,,,,,,2.4,2.7
P8,P5,East,Weedy Check,11/5/24,Marketable,PV,0,,,,,,,,,,,,,,
P8,P5,East,Weedy Check,11/5/24, Unmarketable,PV,2,15.6,30.5,0.9,1.2,2,1,1,0,2,0,,,1.542,2.448
P8,P5,Center,Weedy Check,11/5/24,Marketable,PV,1,6.9,8.4,0.9,0.9,1,0,0,0,1,0,,,0.718,0.756
P8,P5,Center,Weedy Check,11/5/24, Unmarketable,PV,0,,,,,,,,,,,,,,
P8,P5,West,Weedy Check,11/5/24,Marketable,PV,1,8.1,11.1,1,1,1,0,0,0,1,0,,,0.794,0.919
P8,P5,West,Weedy Check,11/5/24, Unmarketable,PV,1,9,11.4,0.9,0.9,0,0,0,0,1,0,,,0.89,1.024
P8,P5,East,New Emergence,11/5/24,Marketable,PV,0,,,,,,,,,,,,,,
P8,P5,East,New Emergence,11/5/24, Unmarketable,PV,2,14.8,20.7,0.9,1,2,1,0,0,2,0,,,1.503,2.006
P8,P5,Center,New Emergence,11/5/24,Marketable,PV,,,,,,,,,,,,,,,
P8,P5,Center,New Emergence,11/5/24, Unmarketable,PV,1,5.6,10.6,0.9,0.9,1,0,0,0,1,0,,,0.671,1.065
P8,P5,West,New Emergence,11/5/24,Marketable,PV,0,,,,,,,,,,,,,,
P8,P5,West,New Emergence,11/5/24, Unmarketable,PV,0,,,,,,,,,,,,,,
P8,P5,East,Standard,11/5/24,Marketable,PV,2,18.3,25.1,0.9,1,2,0,0,0,0,0,,bag only has 2 unmark shoots,,
P8,P5,East,Standard,11/5/24,Unmarketable,PV,1,8.8,14.4,1,1,1,0,0,0,1,0,,,1.926,
P8,P5,Center,Standard,11/5/24,Marketable,PV,1,8.1,10.4,0.8,0.8,1,0,0,0,1,0,,0.808,0.835,
P8,P5,Center,Standard,11/5/24,Unmarketable,PV,2,24,45.5,1.2,1.4,2,0,0,0,1,1,,2.459,3.362,
P8,P5,West,Standard,11/5/24,Marketable,PV,,,,,,,,,,,,,,,
P8,P5,West,Standard,11/5/24,Unmarketable,PV,1,10.1,18.3,1.1,1.1,1,0,0,,0,0,,,1.273,1.615
P8,P5,East,Weedy Check,11/12/24,Marketable,PV,0,,,,,,,,,,,,,,
P8,P5,East,Weedy Check,11/12/24, Unmarketable,PV,0,,,,,,,,,,,,,,
P8,P5,Center,Weedy Check,11/12/24,Marketable,PV,3,15.8,27.2,0.8,1,3,0,0,0,0,0,,,1.382,2.065
P8,P5,Center,Weedy Check,11/12/24, Unmarketable,PV,1,5.3,9.4,1,1,1,1,0,0,1,0,,,0.562,0.879
P8,P5,West,Weedy Check,11/12/24,Marketable,PV,0,,,,,,,,,,,,,,
P8,P5,West,Weedy Check,11/12/24, Unmarketable,PV,3,24.5,29.8,0.9,1,3,1,0,0,2,0,,,2.518,2.724
P8,P5,East,New Emergence,11/12/24,Marketable,PV,1,4,6.6,0.9,0.9,1,0,0,0,1,0,,,0.419,0.663
P8,P5,East,New Emergence,11/12/24, Unmarketable,PV,1,7.5,10.1,1,1,1,0,0,0,1,0,,,0.767,0.968
P8,P5,Center,New Emergence,11/12/24,Marketable,PV,0,,,,,,,,,,,,,,
P8,P5,Center,New Emergence,11/12/24, Unmarketable,PV,1,4.3,9.9,0.8,0.8,1,0,0,1,1,0,,,0.451,0.899
P8,P5,West,New Emergence,11/12/24,Marketable,PV,0,,,,,,,,,,,,,,
P8,P5,West,New Emergence,11/12/24, Unmarketable,PV,2,19.9,21.1,1,1,2,0,0,0,2,0,,,2.052,2.215
P8,P5,East,Standard,11/12/24,Marketable,PV,1,8.3,8.1,0.9,0.9,0,0,0,0,0,0,,,0.779,0.754
P8,P5,East,Standard,11/12/24,Unmarketable,PV,1,7.3,11.3,1,1,1,0,0,0,1,0,,,0.739,0.894
P8,P5,Center,Standard,11/12/24,Marketable,PV,,,,1,,,,,,,,,,,
P8,P5,Center,Standard,11/12/24,Unmarketable,PV,,,,,,,,,,,,,,,
P8,P5,West,Standard,11/12/24,Marketable,PV,0,,,,,,,,,,,,,,
P8,P5,West,Standard,11/12/24,Unmarketable,PV,1,7.9,4.7,0.6,0.6,0,0,0,0,1,0,,deformed,0.965,0.631
P8,P5,East,Weedy Check,12/2/24,Marketable,PV,,,,,,,,,,,,,,,
P8,P5,East,Weedy Check,12/2/24, Unmarketable,PV,3,3,6.5,0.27,0.55,3,,,,3,,,,0.434,0.615
P8,P5,Center,Weedy Check,12/2/24,Too small,PV,2,1.5,0.1,,,,,,,,,,,0.161,0.037
P8,P5,Center,Weedy Check,12/2/24, Unmarketable,PV,3,4.2,2.9,0.26,0.46,3,,1,,2,,,,0.504,0.195
P8,P5,West,Weedy Check,12/2/24,Too small,PV,3,2.4,1,,,,,,,,,,,0.279,0.118
P8,P5,West,Weedy Check,12/2/24, Unmarketable,PV,,,,,,,,,,,,,,,
P8,P5,East,New Emergence,12/2/24,Marketable,PV,3,3.2,0.7,,,,,,,,,,,,
P8,P5,East,New Emergence,12/2/24, Unmarketable,PV,3,7.2,18.1,0.75,0.92,3,,,,2,,,,,
P8,P5,Center,New Emergence,12/2/24,Marketable,PV,1,5.1,5.2,0.88,0.88,,,,,1,,,,0.565,0.446
P8,P5,Center,New Emergence,12/2/24,Too small,PV,1,2.9,0.9,0.82,0.82,,,,,,,,,0.361,0.118
P8,P5,Center,New Emergence,12/2/24, Unmarketable,PV,1,3.6,5.1,0.85,0.85,1,,,,1,,,,0.389,0.495
P8,P5,West,New Emergence,12/2/24,Too small,PV,2,2.3,0.4,,,,,,,,,,,0.279,0.055
P8,P5,West,New Emergence,12/2/24, Unmarketable,PV,4,3.8,12.1,0.31,0.8,2,,1,,4,,,,0.491,0.851
P8,P5,East,Standard,12/2/24,Too small,PV,1,1.3,0.4,,,,,,,,,,,0.207,0.047
P8,P5,East,Standard,12/2/24,Unmarketable,PV,1,1.3,0.7,1.34,1.34,1,,,,,,,,0.236,0.081
P8,P5,Center,Standard,12/2/24,Marketable,PV,,,,,,,,,,,,,,,
P8,P5,Center,Standard,12/2/24,Unmarketable,PV,3,5.7,9,0.25,0.95,3,,,,2,,,,0.817,0.858
P8,P5,West,Standard,12/2/24,Too small,PV,6,6.5,2.8,,,,,,,,,,,0.766,0.34
P8,P5,West,Standard,12/2/24,Unmarketable,PV,2,6.2,7.3,0.58,0.71,2,,,,2,,,,0.774,0.714
P9,P6,East,Weedy Check,10/29/24,Marketable,PV,,,,,,,,,,,,,,,
P9,P6,East,Weedy Check,10/29/24,Unmarketable,PV,1,16.2,31.8,1.4,1.4,1,,,,,,,,1.6,2.3
P9,P6,Center,Weedy Check,10/29/24,Marketable,PV,1,18.5,25.1,1.3,1.3,1,,,,1,,,,1.6,1.7
P9,P6,Center,Weedy Check,10/29/24,Unmarketable,PV,3,42.7,68.2,1.1,1.3,3,,,,3,,,,3.7,4.4
P9,P6,West,Weedy Check,10/29/24,Marketable,PV,3,56.9,47.4,0.9,1.1,,,,,2,,,,4.7,3.3
P9,P6,West,Weedy Check,10/29/24,Unmarketable,PV,,,,,,,,,,,,,,,
P9,P6,East,New Emergence,10/29/24,Marketable,PV,4,65.3,70.4,0.8,1.2,3,,,,4,,,,5.5,4.8
P9,P6,East,New Emergence,10/29/24,Unmarketable,PV,,,,,,,,,,,,,,,
P9,P6,Center,New Emergence,10/29/24,Marketable,PV,1,21.1,25.7,1.3,1.3,,,,,1,,,,1.9,1.8
P9,P6,Center,New Emergence,10/29/24,Unmarketable,PV,1,24.5,39.5,1.4,1.4,1,,,,1,,,,2.1,2.3
P9,P6,West,New Emergence,10/29/24,Marketable,PV,2,24.8,25.9,1,1,,,,,2,,,,2.2,1.8
P9,P6,West,New Emergence,10/29/24,Unmarketable,PV,1,14.8,38.9,1.4,1.4,,,,,1,,,,1.3,2.4
P9,P6,East,Standard,10/29/24,Marketable,PV,1,10.4,17.2,1,1,,,,,1,,,,0.9,1.1
P9,P6,East,Standard,10/29/24,Unmarketable,PV,2,26,46.7,1.1,1.3,2,,,,2,,,,2.4,3.3
P9,P6,Center,Standard,10/29/24,Marketable,PV,1,15.2,12.3,1,1,,,,,1,,,,1.2,0.8
P9,P6,Center,Standard,10/29/24,Unmarketable,PV,1,15.8,19.9,1.3,1.3,1,,,,1,,,,1.5,1.4
P9,P6,West,Standard,10/29/24,Marketable,PV,4,57.5,74.2,0.8,1.2,1,,,,3,,,,5.2,4.9
P9,P6,West,Standard,10/29/24,Unmarketable,PV,3,50.8,62.3,1,1.2,3,,,,2,,,,4.4,4.2
P9,P6,East,Weedy Check,11/5/24,Marketable,PV,1,12.2,11.5,1.1,1.1,0,0,0,0,1,0,,,1.223,1.1
P9,P6,East,Weedy Check,11/5/24,Unmarketable,PV,1,9.9,11,0.9,0.9,0,1,1,0,1,0,,,1.008,0.941
P9,P6,Center,Weedy Check,11/5/24,Marketable,PV,0,,,,,,,,,,,,,,
P9,P6,Center,Weedy Check,11/5/24,Unmarketable,PV,2,33.2,33.5,1.1,1.3,2,0,0,0,2,0,,,3.372,2.943
P9,P6,West,Weedy Check,11/5/24,Marketable,PV,3,45.7,53.2,1,1.2,2,0,0,0,2,0,,,3.988,3.828
P9,P6,West,Weedy Check,11/5/24,Unmarketable,PV,2,35.6,37.5,1,1.2,2,0,0,0,2,0,,,3.112,2.932
P9,P6,East,New Emergence,11/5/24,Marketable,PV,0,,,,,,,,,,,,,,
P9,P6,East,New Emergence,11/5/24,Unmarketable,PV,0,,,,,,,,,,,,,,
P9,P6,Center,New Emergence,11/5/24,Marketable,PV,1,20.9,28.3,1.3,1.3,1,0,0,1,1,0,,,1.885,2.087
P9,P6,Center,New Emergence,11/5/24,Unmarketable,PV,1,9.7,14.8,1.2,1.2,1,0,0,0,1,0,,,0.869,1.144
P9,P6,West,New Emergence,11/5/24,Marketable,PV,0,,,,,,,,,,,,,,
P9,P6,West,New Emergence,11/5/24,Unmarketable,PV,0,,,,,,,,,,,,,,
P9,P6,East,Standard,11/5/24,Marketable,PV,0,,,,,,,,,,,,,,
P9,P6,East,Standard,11/5/24,Unmarketable,PV,1,17,22.7,1.1,1.1,1,0,0,0,1,0,,,1.823,2.106
P9,P6,Center,Standard,11/5/24,Marketable,PV,0,,,,,,,,,,,,,,
P9,P6,Center,Standard,11/5/24,Unmarketable,PV,2,25.5,26.5,1,1.1,2,0,0,0,2,0,,,2.548,2.249
P9,P6,West,Standard,11/5/24,Marketable,PV,2,44,31.9,0.9,1.2,1,0,0,0,2,0,,,3.804,2.706
P9,P6,West,Standard,11/5/24,Unmarketable,PV,0,,,,,,,,,,,,,,
P9,P6,East,Weedy Check,11/12/24,Marketable,PV,0,,,,,,,,,,,,,,
P9,P6,East,Weedy Check,11/12/24,Unmarketable,PV,0,,,,,,,,,,,,,,
P9,P6,Center,Weedy Check,11/12/24,Marketable,PV,0,,,,,,,,,,,,,,
P9,P6,Center,Weedy Check,11/12/24,Unmarketable,PV,0,,,,,,,,,,,,,,
P9,P6,West,Weedy Check,11/12/24,Marketable,PV,0,,,,,,,,,,,,,,
P9,P6,West,Weedy Check,11/12/24,Unmarketable,PV,0,,,,,,,,,,,,,,
P9,P6,East,New Emergence,11/12/24,Marketable,PV,0,,,,,,,,,,,,,,
P9,P6,East,New Emergence,11/12/24,Unmarketable,PV,0,,,,,,,,,,,,,,
P9,P6,Center,New Emergence,11/12/24,Marketable,PV,0,,,,,,,,,,,,,,
P9,P6,Center,New Emergence,11/12/24,Unmarketable,PV,0,,,,,,,,,,,,,,
P9,P6,West,New Emergence,11/12/24,Marketable,PV,0,,,,,,,,,,,,,,
P9,P6,West,New Emergence,11/12/24,Unmarketable,PV,0,,,,,,,,,,,,,,
P9,P6,East,Standard,11/12/24,Marketable,PV,0,,,,,,,,,,,,,,
P9,P6,East,Standard,11/12/24,Unmarketable,PV,0,,,,,,,,,,,,,,
P9,P6,Center,Standard,11/12/24,Marketable,PV,0,,,,,,,,,,,,,,
P9,P6,Center,Standard,11/12/24,Unmarketable,PV,0,,,,,,,,,,,,,,
P9,P6,West,Standard,11/12/24,Marketable,PV,1,9.5,7.4,0.9,0.9,0,0,0,0,1,0,,,1.062,0.716
P9,P6,West,Standard,11/12/24,Unmarketable,PV,0,,,,,,,,,,,,,,
P9,P6,East,Weedy Check,12/2/24,Too small,PV,2,1.4,0.4,,,,,,,,,,Leaf damage for ,0.293,0.077
P9,P6,East,Weedy Check,12/2/24,Unmarketable,PV,1,1.2,6,0.67,0.67,1,,,,1,,,,0.355,0.411
P9,P6,Center,Weedy Check,12/2/24,Too small,PV,2,1.7,0.5,,,,,,,,,,,0.221,0.071
P9,P6,Center,Weedy Check,12/2/24,Unmarketable,PV,2,2.7,2.6,0.23,0.45,2,,,,2,,,,0.365,0.291
P9,P6,West,Weedy Check,12/2/24,Too small,PV,2,0.8,0.1,,,,,,,,,,,0.191,0.055
P9,P6,West,Weedy Check,12/2/24,Unmarketable,PV,,,,,,,,,,,,,,,
P9,P6,East,New Emergence,12/2/24,Marketable,PV,,,,,,,,,,,,,N/A,,
P9,P6,East,New Emergence,12/2/24,Unmarketable,PV,,,,,,,,,,,,,N/A,,
P9,P6,Center,New Emergence,12/2/24,Too small,PV,2,0.2,0.6,,,,,,,,,,,0.027,0.045
P9,P6,Center,New Emergence,12/2/24,Unmarketable,PV,5,9.7,12.9,0.78,0.36,5,,,,2,,,,0.923,0.807
P9,P6,West,New Emergence,12/2/24,Marketable,PV,,,,,,,,,,,,,,,
P9,P6,West,New Emergence,12/2/24,Unmarketable,PV,4,4,3.3,0.25,0.31,,,,,,,,,0.617,0.336
P9,P6,East,Standard,12/2/24,Too small,PV,2,2.1,0.5,,,,,,,,,,,0.289,0.068
P9,P6,East,Standard,12/2/24,Unmarketable,PV,1,1.3,3.8,0.64,0.64,1,,,,1,,,,0.197,0.278
P9,P6,Center,Standard,12/2/24,Too small,PV,3,2.8,1.5,,,,,,,,,,,0.421,0.199
P9,P6,Center,Standard,12/2/24,Unmarketable,PV,,,,,,,,,,,,,,,
P9,P6,West,Standard,12/2/24,too small,PV,1,1.8,0.3,,,,,,,,,,,0.342,0.042
P9,P6,West,Standard,12/2/24,Unmarketable,PV,,,,,,,,,,,,,,,
P10,P7,East,Weedy Check,10/29/24,Marketable,PV,1,9.7,13.2,0.9,0.9,1,,,,1,,,,1,1
P10,P7,East,Weedy Check,10/29/24,Unmarketable,PV,,,,,,,,,,,,,,,
P10,P7,Center,Weedy Check,10/29/24,Marketable,PV,2,17.6,23.8,0.8,1,2,,,,1,,,,0.9,1
P10,P7,Center,Weedy Check,10/29/24,Unmarketable,PV,1,9.3,14.4,1,1,1,,,,1,,,,1.7,1.6
P10,P7,West,Weedy Check,10/29/24,Marketable,PV,,,,,,,,,,,,,,,
P10,P7,West,Weedy Check,10/29/24,Unmarketable,PV,1,6.7,12.3,1,1,1,,,1,,,,,,0.9
P10,P7,East,New Emergence,10/29/24,Marketable,PV,,,,,,,,,,,,,,,
P10,P7,East,New Emergence,10/29/24,Unmarketable,PV,3,20.3,43.5,1,1.1,3,,1,,2,,,,2.3,3.2
P10,P7,Center,New Emergence,10/29/24,Marketable,PV,,,,,,,,,,,,,,,
P10,P7,Center,New Emergence,10/29/24,Unmarketable,PV,1,5,13.3,1.2,1.2,1,,,,1,,,,0.6,1
P10,P7,West,New Emergence,10/29/24,Marketable,PV,1,7.1,8.9,0.8,0.8,,,,,1,,,,0.9,0.8
P10,P7,West,New Emergence,10/29/24,Unmarketable,PV,1,3.2,7.8,0.8,0.8,1,,,,1,,,,0.4,0.6
P10,P7,East,Standard,10/29/24,Marketable,PV,1,5.6,11.5,0.8,0.8,,,,,1,,,,0.7,0.9
P10,P7,East,Standard,10/29/24,Unmarketable,PV,,,,,,,,,,,,,,,
P10,P7,Center,Standard,10/29/24,Marketable,PV,,,,,,,,,,,,,,,
P10,P7,Center,Standard,10/29/24,Unmarketable,PV,2,16.6,29.2,1,1,2,,,,2,,,,1.8,2.2
P10,P7,West,Standard,10/29/24,Marketable,PV,1,6.4,9.1,0.9,0.9,1,,,,,,,,0.7,0.7
P10,P7,West,Standard,10/29/24,Unmarketable,PV,1,5.1,7.9,0.9,0.9,1,,,,1,,,,0.5,0.5
P10,P7,East,Weedy Check,11/5/24,Marketable,PV,1,7.6,8.5,0.8,0.8,0,0,1,0,1,0,,,0.959,0.779
P10,P7,East,Weedy Check,11/5/24,Unmarketable,PV,0,,,,,,,,,,,,,,
P10,P7,Center,Weedy Check,11/5/24,Marketable,PV,0,,,,,,,,,,,,,,
P10,P7,Center,Weedy Check,11/5/24,Unmarketable,PV,0,,,,,,,,,,,,,,
P10,P7,West,Weedy Check,11/5/24,Marketable,PV,0,,,,,,,,,,,,,,
P10,P7,West,Weedy Check,11/5/24,Unmarketable,PV,0,,,,,,,,,,,,,,
P10,P7,East,New Emergence,11/5/24,Marketable,PV,1,5.5,6.6,0.8,0.8,0,0,0,0,1,0,,,0.613,0.568
P10,P7,East,New Emergence,11/5/24,Unmarketable,PV,0,,,,,,,,,,,,,,
P10,P7,Center,New Emergence,11/5/24,Marketable,PV,2,19.7,25.7,0.8,1.1,2,0,0,0,2,0,,,1.932,1.965
P10,P7,Center,New Emergence,11/5/24,Unmarketable,PV,0,,,,,,,,,,,,,,
P10,P7,West,New Emergence,11/5/24,Marketable,PV,1,6.8,6.4,0.9,0.9,0,0,0,0,1,0,,,0.698,0.611
P10,P7,West,New Emergence,11/5/24,Unmarketable,PV,2,13.5,23.9,0.8,1.1,1,1,1,0,2,2,,,1.416,1.949
P10,P7,East,Standard,11/5/24,Marketable,PV,1,8.8,12.2,0.9,0.9,0,0,0,0,1,0,,2 bags labeled as mark roots,,
P10,P7,East,Standard,11/5/24,Unmarketable,PV,0,,,,,,,,,,,,,,
P10,P7,Center,Standard,11/5/24,Marketable,PV,1,13.5,25.1,1.2,1.2,1,0,0,0,0,0,,,1.329,1.958
P10,P7,Center,Standard,11/5/24,Unmarketable,PV,1,8.4,15.3,0.9,0.9,1,0,0,0,1,0,,,0.85,1.257
P10,P7,West,Standard,11/5/24,Marketable,PV,0,,,,,,,,,,,,,,
P10,P7,West,Standard,11/5/24,Unmarketable,PV,2,20.7,32.9,0.9,1.1,2,0,0,0,2,0,,,1.977,2.517
P10,P7,East,Weedy Check,11/12/24,Marketable,PV,1,6.3,11.6,0.9,0.9,0,0,0,0,1,0,,,0.625,0.888
P10,P7,East,Weedy Check,11/12/24,Unmarketable,PV,0,,,,,,,,,,,,,,
P10,P7,Center,Weedy Check,11/12/24,Marketable,PV,1,5.9,6.7,0.8,0.8,1,0,0,0,0,0,,,0.659,0.565
P10,P7,Center,Weedy Check,11/12/24,Unmarketable,PV,0,,,,,,,,,,,,,,
P10,P7,West,Weedy Check,11/12/24,Marketable,PV,1,3.1,9.3,1,1,1,0,0,0,1,0,,,0.295,0.718
P10,P7,West,Weedy Check,11/12/24,Unmarketable,PV,1,4.1,4.9,0.6,0.6,1,0,0,0,1,0,,banding,0.408,0.441
P10,P7,East,New Emergence,11/12/24,Marketable,PV,0,,,,,,,,,,,,,,
P10,P7,East,New Emergence,11/12/24,Unmarketable,PV,0,,,,,,,,,,,,,,
P10,P7,Center,New Emergence,11/12/24,Marketable,PV,0,,,,,,,,,,,,,,
P10,P7,Center,New Emergence,11/12/24,Unmarketable,PV,0,,,,,,,,,,,,,,
P10,P7,West,New Emergence,11/12/24,Marketable,PV,3,15.1,31.7,0.8,1,2,0,1,0,2,1,,,1.531,2.329
P10,P7,West,New Emergence,11/12/24,Unmarketable,PV,0,,,,,,,,,,,,,,
P10,P7,East,Standard,11/12/24,Marketable,PV,1,7.5,6,0.8,0.8,0,0,0,0,1,0,,,0.87,0.565
P10,P7,East,Standard,11/12/24,Unmarketable,PV,2,12.5,15.2,0.8,0.8,2,1,0,0,2,0,,big bite,1.332,1.357
P10,P7,Center,Standard,11/12/24,Marketable,PV,0,,,,,,,,,,,,,,
P10,P7,Center,Standard,11/12/24,Unmarketable,PV,2,11.6,19.7,0.9,0.9,2,0,1,0,1,0,,,1.235,1.593
P10,P7,West,Standard,11/12/24,Marketable,PV,1,6.2,13.3,1.1,1.1,1,0,0,0,1,0,,,0.691,1.015
P10,P7,West,Standard,11/12/24,Unmarketable,PV,1,3.4,7.2,0.7,0.7,1,0,0,0,1,1,,,0.381,0.666
P10,P7,East,Weedy Check,12/2/24,Too small,PV,4,2.8,1.3,,,,,,,,,,,0.417,0.189
P10,P7,East,Weedy Check,12/2/24,Unmarketable,PV,8,10.9,24.7,0.33,0.74,5,,,1,7,,,,1.491,2.109
P10,P7,Center,Weedy Check,12/2/24,Too small,PV,2,1.7,0.6,,,,,,,,,,,0.281,0.097
P10,P7,Center,Weedy Check,12/2/24,Unmarketable,PV,4,5.7,5.3,0.36,0.6,1,,,,4,,,,0.761,0.534
P10,P7,West,Weedy Check,12/2/24,Too small,PV,2,1.2,0.4,,,,,,,,,,,0.195,0.048
P10,P7,West,Weedy Check,12/2/24,Unmarketable,PV,4,3.8,7.3,0.33,0.55,1,,1,,4,,,,0.679,0.727
P10,P7,East,New Emergence,12/2/24,Too small,PV,2,1.7,0.6,,,,,,,,,,,0.289,0.101
P10,P7,East,New Emergence,12/2/24,Unmarketable,PV,3,1.8,6.1,0.49,0.51,1,,,,3,,,,0.394,0.505
P10,P7,Center,New Emergence,12/2/24,Marketable,PV,,,,,,,,,,,,,,,
P10,P7,Center,New Emergence,12/2/24,Unmarketable,PV,2,1.6,5.5,0.29,0.7,2,,,,1,,,,0.424,0.489
P10,P7,West,New Emergence,12/2/24,Marketable,PV,,,,,,,,,,,,,,,
P10,P7,West,New Emergence,12/2/24,Unmarketable,PV,2,1.2,5.3,0.35,0.74,1,,,,2,,,,0.284,0.433
P10,P7,East,Standard,12/2/24,Too small,PV,1,0.5,0.1,0.39,0.39,,,,,,,,,0.217,0.028
P10,P7,East,Standard,12/2/24,Unmarketable,PV,1,1.2,1.5,,,,,,,,,,,0.103,0.179
P10,P7,Center,Standard,12/2/24,Marketable,PV,,,,,,,,,,,,,,,
P10,P7,Center,Standard,12/2/24,Unmarketable,PV,3,2.6,12.1,,,3,,,,1,,,,0.519,0.947
P10,P7,West,Standard,12/2/24,Too small,PV,4,0.6,0.2,,,,,,,,,,,0.205,0.074
P10,P7,West,Standard,12/2/24,Unmarketable,PV,,,,,,,,,,,,,,,
P11,P8,East,Weedy Check,10/29/24,Marketable,PV,1,14.1,27.8,1.2,1.2,1,,,,1,,,,1.4,1.9
P11,P8,East,Weedy Check,10/29/24,Unmarketable,PV,1,13.2,23.9,1,1,1,,,,,,,,1.3,1.7
P11,P8,Center,Weedy Check,10/29/24,Marketable,PV,0,,,,,,,,,,,,,,
P11,P8,Center,Weedy Check,10/29/24,Unmarketable,PV,0,,,,,,,,,,,,,,
P11,P8,West,Weedy Check,10/29/24,Marketable,PV,,,,,,,,,,,,,,,
P11,P8,West,Weedy Check,10/29/24,Unmarketable,PV,1,8.8,20.9,1.1,1.1,1,,,,1,,,,0.7,1.5
P11,P8,East,New Emergence,10/29/24,Marketable,PV,1,20.4,31.3,1.2,1.2,1,,,,1,,,,2,2.3
P11,P8,East,New Emergence,10/29/24,Unmarketable,PV,0,,,,,,,,,,,,,,
P11,P8,Center,New Emergence,10/29/24,Marketable,PV,0,,,,,,,,,,,,,,
P11,P8,Center,New Emergence,10/29/24,Unmarketable,PV,1,7.7,15.5,1.1,1.1,1,,1,,1,,,,0.7,1.1
P11,P8,West,New Emergence,10/29/24,Marketable,PV,,,,,,,,,,,,,,,
P11,P8,West,New Emergence,10/29/24,Unmarketable,PV,2,22.5,37.3,1.1,1.3,2,,,,2,,,,2.1,2.7
P11,P8,East,Standard,10/29/24,Marketable,PV,1,8.3,12.4,1.1,1.1,1,,,,1,,,,0.7,0.9
P11,P8,East,Standard,10/29/24,Unmarketable,PV,1,10.3,18.9,1,1,1,,,,1,,,,0.9,1.4
P11,P8,Center,Standard,10/29/24,Marketable,PV,1,5.9,6.3,0.8,0.8,,,,,,,,,0.6,0.5
P11,P8,Center,Standard,10/29/24,Unmarketable,PV,0,,,,,,,,,,,,,,
P11,P8,West,Standard,10/29/24,Marketable,PV,1,8.9,18.3,1.2,1.2,1,,,,,,,,0.7,1.3
P11,P8,West,Standard,10/29/24,Unmarketable,PV,1,9.9,12.7,0.8,0.8,,,,,1,,,,1,1
P11,P8,East,Weedy Check,11/5/24,Marketable,PV,0,,,,,,,,,,,,,,
P11,P8,East,Weedy Check,11/5/24,Unmarketable,PV,1,10.9,21.5,1.3,1.3,1,0,0,1,1,0,,,0.895,1.388
P11,P8,Center,Weedy Check,11/5/24,Marketable,PV,2,26.3,33.1,0.9,1.2,2,0,0,0,2,0,,,2.095,2.259
P11,P8,Center,Weedy Check,11/5/24,Unmarketable,PV,3,47.3,56.2,1.1,1.2,3,0,0,0,3,1,,,3.744,4.264
P11,P8,West,Weedy Check,11/5/24,Marketable,PV,2,29.8,40.7,1.2,1.2,1,0,0,0,2,0,,,2.187,3.29
P11,P8,West,Weedy Check,11/5/24,Unmarketable,PV,0,,,,,,,,,,,,,,
P11,P8,East,New Emergence,11/5/24,Marketable,PV,1,17.8,19.1,1.3,1.3,0,0,0,0,1,0,,,1.582,1.738
P11,P8,East,New Emergence,11/5/24,Unmarketable,PV,2,21.6,32.4,0.9,1,2,0,0,0,2,0,,,2.103,2.655
P11,P8,Center,New Emergence,11/5/24,Marketable,PV,2,21.6,29.4,0.9,1,2,0,0,0,2,0,,,2.153,2.197
P11,P8,Center,New Emergence,11/5/24,Unmarketable,PV,0,,,,,,,,,,,,,,
P11,P8,West,New Emergence,11/5/24,Marketable,PV,1,9.5,18.6,1.2,1.2,1,0,0,0,1,0,,,0.803,1.246
P11,P8,West,New Emergence,11/5/24,Unmarketable,PV,1,18.3,22.3,1.1,1.1,1,0,1,0,1,0,,,1.611,1.811
P11,P8,East,Standard,11/5/24,Marketable,PV,0,,,,,,,,,,,,,,
P11,P8,East,Standard,11/5/24,Unmarketable,PV,1,10,10.8,0.9,0.9,1,1,0,0,1,0,,,1.149,1.193
P11,P8,Center,Standard,11/5/24,Marketable,PV,0,,,,,,,,,,,,,,
P11,P8,Center,Standard,11/5/24,Unmarketable,PV,2,25,39.3,1.1,1.1,2,0,0,0,2,0,,,2.292,3.112
P11,P8,West,Standard,11/5/24,Marketable,PV,0,,,,,,,,,,,,,,
P11,P8,West,Standard,11/5/24,Unmarketable,PV,0,,,,,,,,,,,,,,
P11,P8,East,Weedy Check,11/12/24,Marketable,PV,0,,,,,,,,,,,,,,
P11,P8,East,Weedy Check,11/12/24,Unmarketable,PV,0,,,,,,,,,,,,,,
P11,P8,Center,Weedy Check,11/12/24,Marketable,PV,1,15.8,11.2,0.8,0.8,0,0,0,0,1,0,,,1.581,0.953
P11,P8,Center,Weedy Check,11/12/24,Unmarketable,PV,0,,,,,,,,,,,,,,
P11,P8,West,Weedy Check,11/12/24,Marketable,PV,0,,,,,,,,,,,,,,
P11,P8,West,Weedy Check,11/12/24,Unmarketable,PV,0,,,,,,,,,,,,,,
P11,P8,East,New Emergence,11/12/24,Marketable,PV,0,,,,,,,,,,,,,,
P11,P8,East,New Emergence,11/12/24,Unmarketable,PV,1,5.5,10.8,0.7,0.7,1,0,0,0,1,0,,,0.542,0.909
P11,P8,Center,New Emergence,11/12/24,Marketable,PV,1,8.5,9.8,0.8,0.8,0,0,0,0,0,0,,,1.088,1.189
P11,P8,Center,New Emergence,11/12/24,Unmarketable,PV,1,10.5,10.7,1,1,1,0,0,0,1,0,,,1.162,0.804
P11,P8,West,New Emergence,11/12/24,Marketable,PV,0,,,,,,,,,,,,,,
P11,P8,West,New Emergence,11/12/24,Unmarketable,PV,2,7.3,13.8,0.7,0.8,2,0,0,0,2,0,,,0.641,1.055
P11,P8,East,Standard,11/12/24,Marketable,PV,0,,,,,,,,,,,,,,
P11,P8,East,Standard,11/12/24,Unmarketable,PV,2,24.7,31.3,0.8,1,1,0,0,0,2,0,,,2.25,2.258
P11,P8,Center,Standard,11/12/24,Marketable,PV,1,9.9,11.1,1,1,0,0,0,0,1,0,,,0.936,1.017
P11,P8,Center,Standard,11/12/24,Unmarketable,PV,1,5.9,5.7,0.8,0.8,1,0,0,0,1,0,,,0.573,0.547
P11,P8,West,Standard,11/12/24,Marketable,PV,0,,,,,,,,,,,,,,
P11,P8,West,Standard,11/12/24,Unmarketable,PV,1,5.6,8,0.7,0.7,0,0,0,0,1,0,,,0.602,0.794
P11,P8,East,Weedy Check,12/2/24,Too small,PV,2,3.4,1.2,,,,,,,,,,,0.453,0.154
P11,P8,East,Weedy Check,12/2/24,Unmarketable,PV,4,5,13.9,0.45,0.77,4,,1,,2,,,,0.671,0.989
P11,P8,Center,Weedy Check,12/2/24,Too small,PV,4,3,0.5,,,,,,,,,,,0.309,0.065
P11,P8,Center,Weedy Check,12/2/24,Unmarketable,PV,5,11.3,8.9,0.33,0.66,3,,1,,4,,,,1.358,0.851
P11,P8,West,Weedy Check,12/2/24,Too small,PV,2,2.4,0.5,,,,,,,,,,,0.289,0.076
P11,P8,West,Weedy Check,12/2/24,Unmarketable,PV,4,10.8,7.4,0.29,0.61,2,,,,4,,,,1.341,0.765
P11,P8,East,New Emergence,12/2/24,Too small,PV,2,0.7,0.3,,,,,,,,,,,0.093,0.037
P11,P8,East,New Emergence,12/2/24,Unmarketable,PV,3,8.4,7.1,0.28,0.6,1,,,,2,,,,0.103,0.873
P11,P8,Center,New Emergence,12/2/24,Marketable,PV,,,,,,,,,,,,,,,
P11,P8,Center,New Emergence,12/2/24,Unmarketable,PV,2,2.6,8.2,0.46,0.87,1,,,,2,,,,0.294,0.584
P11,P8,West,New Emergence,12/2/24,Too small,PV,3,2.8,0.9,,,,,,,,,,,0.322,0.13
P11,P8,West,New Emergence,12/2/24,Unmarketable,PV,5,9.8,6.3,0.25,0.38,3,,,,4,,,,1.306,0.774
P11,P8,East,Standard,12/2/24,Too small,PV,2,2.7,0.6,,,,,,,,,,,1.004,0.947
P11,P8,East,Standard,12/2/24,Unmarketable,PV,4,7.7,10.3,0.35,0.6,1,1,,,4,,,,0.338,0.078
P11,P8,Center,Standard,12/2/24,Too small,PV,1,1,0.4,,,,,,,,,,,0.131,0.034
P11,P8,Center,Standard,12/2/24,Unmarketable,PV,2,4.5,,0.41,0.46,2,,,,2,,,,0.559,0.405
P11,P8,West,Standard,12/2/24,Too small,PV,6,8.6,2.2,,,,,,,,,,,0.964,0.317
P11,P8,West,Standard,12/2/24,Unmarketable,PV,4,6.5,6.6,0.23,0.48,3,,,,3,,,,0.829,0.694